# name,description,ingredients,cookware,difficulty,cookingTime,bilibiliUrl,category
西红柿炒蛋,最经典的家常菜之一,西红柿|鸡蛋|葱|盐|糖|食用油,炒锅|菜刀|砧板|锅铲,简单,10,https://www.bilibili.com/video/BV1Py4y1S7EF,家常菜
宫保鸡丁,川菜经典麻辣鲜香,鸡胸肉|花生米|青椒|红椒|蒜|姜|豆瓣酱|生抽|老抽|料酒|糖|盐|淀粉|食用油,炒锅|菜刀|砧板|锅铲|碗,中等,20,https://www.bilibili.com/video/BV1Xt411Z7z8,川菜
红烧肉,软糯香甜的经典菜品,五花肉|冰糖|生抽|老抽|料酒|葱|姜|八角|桂皮|盐,炒锅|菜刀|砧板|锅铲,中等,45,https://www.bilibili.com/video/BV1Us411H7Nw,荤菜
麻婆豆腐,川菜经典麻辣鲜香,嫩豆腐|猪肉末|豆瓣酱|花椒粉|蒜|姜|葱|生抽|老抽|料酒|糖|盐|淀粉|食用油|香油,炒锅|菜刀|砧板|锅铲|碗|勺子,中等,20,https://www.bilibili.com/video/BV1Rs411V7i9,川菜
酸辣土豆丝,经典家常菜酸辣爽口,土豆|青椒|红椒|蒜|醋|生抽|盐|糖|食用油,炒锅|菜刀|砧板|锅铲,简单,15,https://www.bilibili.com/video/BV1gb411J7cR,家常菜
青椒肉丝,下饭神器,青椒|猪肉丝|蒜|姜|生抽|老抽|料酒|淀粉|盐|糖|食用油,炒锅|菜刀|砧板|锅铲|碗,简单,15,https://www.bilibili.com/video/BV1GM41157Hz,家常菜
糖醋里脊,酸甜可口的经典菜品,猪里脊肉|鸡蛋|淀粉|面粉|糖|醋|生抽|料酒|盐|食用油,炒锅|菜刀|砧板|锅铲|碗,中等,25,https://www.bilibili.com/video/BV1CV411a7W8,荤菜
可乐鸡翅,孩子最爱的美味,鸡翅|可乐|生抽|老抽|料酒|姜|葱|盐|食用油,炒锅|菜刀|砧板|锅铲,简单,30,https://www.bilibili.com/video/BV1CV411a7W8,荤菜
红烧茄子,下饭必备素菜,茄子|蒜|姜|生抽|老抽|糖|盐|淀粉|食用油,炒锅|菜刀|砧板|锅铲,简单,20,https://www.bilibili.com/video/BV1CV411a7W8,素菜
清炒小白菜,清淡爽口的素菜,小白菜|蒜|盐|鸡精|食用油,炒锅|菜刀|砧板|锅铲,简单,8,https://www.bilibili.com/video/BV1CV411a7W8,素菜
菠菜面,小高姐的菠菜面,菠菜|中筋面粉|盐|葱|蒜|辣椒粉|糖|食用油|香醋|生抽|水|香油,煮锅|菜刀|砧板|擀面杖|碗,中等,45,https://www.bilibili.com/video/BV1Ks411w7Rq,面食
清炒菠菜,超子美食的清炒菠菜,菠菜|蒜|盐|鸡精|食用油,炒锅|菜刀|砧板|锅铲,简单,8,https://www.bilibili.com/video/BV1hE411P7tV,素菜
菠菜炒鸡蛋,老东北美食的菠菜炒鸡蛋,菠菜|鸡蛋|蒜|盐|胡椒粉|食用油,炒锅|菜刀|砧板|锅铲|碗,简单,10,https://www.bilibili.com/video/BV1w24y1C7pK,家常菜
凉拌菠菜,老东北美食的凉拌菠菜,菠菜|蒜|醋|生抽|香油|盐|糖|辣椒油,煮锅|菜刀|砧板|碗|勺子,简单,15,https://www.bilibili.com/video/BV1bu4m137KL,凉菜
菠菜豆腐汤,营养丰富的菠菜豆腐汤,菠菜|豆腐|蒜|盐|胡椒粉|香油|食用油,炒锅|菜刀|砧板|锅铲|汤勺,简单,12,https://www.bilibili.com/video/BV1E8R2Y3Ejz,汤菜
凉拌豆芽,王刚的凉拌豆芽,豆芽|蒜|生抽|醋|香油|盐|糖|辣椒油,煮锅|菜刀|砧板|碗|勺子,简单,15,https://www.bilibili.com/video/BV1up4y1X7h4,凉菜
肉丝豆芽炒韭菜,老东北美食的肉丝豆芽炒韭菜,豆芽|猪肉丝|韭菜|蒜|姜|生抽|料酒|盐|食用油,炒锅|菜刀|砧板|锅铲,简单,12,https://www.bilibili.com/video/BV1Ta4y147Ya,家常菜
豆芽炒肉丝,小厨大亮的豆芽炒肉丝,豆芽|猪肉丝|蒜|姜|生抽|老抽|料酒|淀粉|盐|糖|食用油,炒锅|菜刀|砧板|锅铲|碗,简单,10,https://www.bilibili.com/video/BV1Ti4y1r7pW,家常菜
醋烹豆芽,老隐记的醋烹豆芽,豆芽|蒜|干辣椒|醋|生抽|盐|糖|食用油,炒锅|菜刀|砧板|锅铲,简单,8,https://www.bilibili.com/video/BV1E94y1V7Pv,素菜
豆芽拌粉条,老东北美食的豆芽拌粉条,豆芽|粉条|胡萝卜丝|蒜|醋|生抽|香油|盐|糖|辣椒油,煮锅|菜刀|砧板|碗|勺子,简单,20,https://www.bilibili.com/video/BV14s421T7Me,凉菜
酸辣大白菜,老东北美食的酸辣大白菜,大白菜|蒜|干辣椒|醋|生抽|盐|糖|食用油,炒锅|菜刀|砧板|锅铲,简单,8,https://www.bilibili.com/video/BV1aJ411z7z9,素菜
香菇白菜汤,小厨大亮的香菇白菜汤,大白菜|香菇|蒜|盐|胡椒粉|香油|食用油,煮锅|菜刀|砧板|汤勺,简单,15,https://www.bilibili.com/video/BV1Cs411G7bw,汤菜
手撕包菜,王刚的手撕包菜,包菜|蒜|干辣椒|生抽|醋|盐|糖|食用油,炒锅|菜刀|砧板|锅铲,简单,10,https://www.bilibili.com/video/BV1HD4y1A7ke,素菜
西红柿鸡蛋面,小高姐的西红柿鸡蛋面,西红柿|鸡蛋|面条|葱|盐|糖|食用油,煮锅|炒锅|菜刀|砧板|锅铲,简单,15,https://www.bilibili.com/video/BV1Py4y1S7EF,面食
回锅肉,王刚的回锅肉,猪肉|青椒|豆瓣酱|蒜|姜|料酒|生抽|老抽|糖|盐|食用油,炒锅|菜刀|砧板|锅铲,中等,25,https://www.bilibili.com/video/BV1411127Hk,川菜
鱼香肉丝,王刚的鱼香肉丝,猪肉丝|胡萝卜丝|木耳丝|蒜|姜|豆瓣酱|生抽|老抽|醋|糖|料酒|淀粉|食用油,炒锅|菜刀|砧板|锅铲|碗,中等,20,https://www.bilibili.com/video/BV1422,川菜
水煮肉片,王刚的水煮肉片,猪肉片|白菜|豆芽|豆瓣酱|花椒|辣椒|蒜|姜|生抽|料酒|淀粉|食用油,炒锅|菜刀|砧板|锅铲|碗,中等,30,https://www.bilibili.com/video/BV1521,川菜
毛血旺,王刚的毛血旺,猪血|豆芽|韭菜|豆瓣酱|花椒|辣椒|蒜|姜|生抽|料酒|食用油,炒锅|菜刀|砧板|锅铲,困难,35,https://www.bilibili.com/video/BV1652,川菜
口水鸡,王刚的口水鸡,鸡肉|花生米|蒜|姜|辣椒油|花椒粉|生抽|醋|糖|盐|香油,煮锅|菜刀|砧板|碗|勺子,中等,40,https://www.bilibili.com/video/BV133,川菜
辣子鸡,王刚的辣子鸡,鸡肉|干辣椒|花椒|蒜|姜|料酒|生抽|老抽|糖|盐|食用油,炒锅|菜刀|砧板|锅铲,中等,35,https://www.bilibili.com/video/BV1531,川菜
小炒肉,王刚的小炒肉,猪肉|青椒|蒜|姜|豆豉|生抽|老抽|料酒|盐|食用油,炒锅|菜刀|砧板|锅铲,简单,15,https://www.bilibili.com/video/BV1958,家常菜
木须肉,王刚的木须肉,猪肉丝|鸡蛋|木耳|黄瓜|葱|料酒|生抽|盐|食用油,炒锅|菜刀|砧板|锅铲|碗,简单,20,https://www.bilibili.com/video/BV1501,家常菜
京酱肉丝,王刚的京酱肉丝,猪肉丝|豆腐皮|葱丝|甜面酱|料酒|生抽|淀粉|食用油,炒锅|菜刀|砧板|锅铲|碗,中等,25,https://www.bilibili.com/video/BV1429,家常菜
把子肉,王刚的把子肉,猪肉|生抽|老抽|冰糖|料酒|八角|桂皮|葱|姜,炒锅|菜刀|砧板|锅铲,中等,60,https://www.bilibili.com/video/BV1850,荤菜
地三鲜,王刚的地三鲜,茄子|土豆|青椒|蒜|生抽|老抽|糖|盐|淀粉|食用油,炒锅|菜刀|砧板|锅铲,中等,25,https://www.bilibili.com/video/BV1311,素菜
干煸四季豆,王刚的干煸四季豆,四季豆|猪肉末|蒜|姜|豆豉|辣椒|生抽|老抽|糖|盐|食用油,炒锅|菜刀|砧板|锅铲,中等,20,https://www.bilibili.com/video/BV1248,素菜
虎皮青椒,王刚的虎皮青椒,青椒|蒜|生抽|醋|糖|盐|食用油,炒锅|菜刀|砧板|锅铲,简单,10,https://www.bilibili.com/video/BV1335,素菜
蒜蓉西兰花,小厨大亮的蒜蓉西兰花,西兰花|蒜|盐|鸡精|食用油,炒锅|菜刀|砧板|锅铲,简单,8,https://www.bilibili.com/video/BV1531,素菜
干锅花菜,王刚的干锅花菜,花菜|猪肉|蒜|姜|豆瓣酱|辣椒|生抽|老抽|糖|盐|食用油,炒锅|菜刀|砧板|锅铲,中等,20,https://www.bilibili.com/video/BV1743,素菜
麻辣香锅,王刚的麻辣香锅,土豆|豆腐|豆芽|蒜|姜|豆瓣酱|花椒|辣椒|生抽|老抽|糖|盐|食用油,炒锅|菜刀|砧板|锅铲,中等,30,https://www.bilibili.com/video/BV1416,川菜
干锅土豆片,王刚的干锅土豆片,土豆|青椒|蒜|姜|豆瓣酱|花椒|辣椒|生抽|老抽|糖|盐|食用油,炒锅|菜刀|砧板|锅铲,简单,15,https://www.bilibili.com/video/BV1Xt411Z7z8,素菜
蚂蚁上树,王刚的蚂蚁上树,粉条|猪肉末|蒜|姜|豆瓣酱|葱|生抽|老抽|料酒|糖|盐|食用油,炒锅|菜刀|砧板|锅铲,简单,15,https://www.bilibili.com/video/BV1241,家常菜
家常豆腐,王刚的家常豆腐,豆腐|青椒|胡萝卜|蒜|豆瓣酱|生抽|老抽|糖|盐|食用油,炒锅|菜刀|砧板|锅铲,简单,15,https://www.bilibili.com/video/BV1323,素菜
葱烧豆腐,王刚的葱烧豆腐,豆腐|葱|蒜|生抽|老抽|糖|盐|食用油,炒锅|菜刀|砧板|锅铲,简单,12,https://www.bilibili.com/video/BV1304,素菜
油焖大虾,王刚的油焖大虾,大虾|蒜|姜|葱|料酒|生抽|老抽|糖|盐|食用油,炒锅|菜刀|砧板|锅铲,简单,15,https://www.bilibili.com/video/BV1236,海鲜
麻辣小龙虾,王刚的麻辣小龙虾,小龙虾|蒜|姜|豆瓣酱|花椒|辣椒|料酒|生抽|老抽|糖|盐|食用油,炒锅|菜刀|砧板|锅铲,中等,45,https://www.bilibili.com/video/BV1438,海鲜
清蒸鲈鱼,王刚的清蒸鲈鱼,鲈鱼|蒸鱼豉油|葱丝|姜丝|料酒|盐|食用油,蒸锅|菜刀|砧板|盘子,中等,20,https://www.bilibili.com/video/BV1543,海鲜
红烧带鱼,王刚的红烧带鱼,带鱼|蒜|姜|生抽|老抽|糖|盐|料酒|食用油,炒锅|菜刀|砧板|锅铲,中等,25,https://www.bilibili.com/video/BV1235,海鲜
蒜蓉粉丝蒸扇贝,王刚的蒜蓉粉丝蒸扇贝,扇贝|粉丝|蒜蓉|蒸鱼豉油|葱|食用油,蒸锅|菜刀|砧板|盘子,中等,15,https://www.bilibili.com/video/BV1431,海鲜
番茄蛋花汤,小厨大亮的番茄蛋花汤,西红柿|鸡蛋|葱|盐|糖|香油|食用油,煮锅|菜刀|砧板|汤勺,简单,10,https://www.bilibili.com/video/BV1523,汤菜
冬瓜排骨汤,小厨大亮的冬瓜排骨汤,冬瓜|排骨|姜|盐|胡椒粉|葱,煮锅|菜刀|砧板|汤勺,简单,60,https://www.bilibili.com/video/BV1324,汤菜
紫菜蛋花汤,小厨大亮的紫菜蛋花汤,紫菜|鸡蛋|虾米|盐|香油|葱,煮锅|菜刀|砧板|汤勺,简单,8,https://www.bilibili.com/video/BV1425,汤菜
丝瓜蛋汤,小厨大亮的丝瓜蛋汤,丝瓜|鸡蛋|蒜|盐|香油|食用油,煮锅|菜刀|砧板|汤勺,简单,10,https://www.bilibili.com/video/BV1526,汤菜
萝卜牛腩汤,王刚的萝卜牛腩汤,白萝卜|牛腩|姜|八角|桂皮|盐|胡椒粉|葱,煮锅|菜刀|砧板|汤勺,中等,90,https://www.bilibili.com/video/BV1627,汤菜
炸酱面,王刚的炸酱面,面条|猪肉末|甜面酱|黄瓜丝|豆芽|葱|蒜|姜|料酒|生抽|糖|食用油,煮锅|炒锅|菜刀|砧板|锅铲,中等,25,https://www.bilibili.com/video/BV1728,面食
担担面,王刚的担担面,面条|猪肉末|芽菜|花椒粉|辣椒油|芝麻酱|蒜|生抽|醋|糖|盐,煮锅|炒锅|菜刀|砧板|锅铲|碗,中等,30,https://www.bilibili.com/video/BV1829,面食
牛肉面,王刚的牛肉面,面条|牛肉|白萝卜|姜|八角|桂皮|生抽|老抽|盐|胡椒粉|葱,煮锅|菜刀|砧板|汤勺,困难,120,https://www.bilibili.com/video/BV1930,面食
阳春面,王刚的阳春面,面条|葱|猪油|生抽|盐|香油|紫菜,煮锅|菜刀|砧板|汤勺,简单,10,https://www.bilibili.com/video/BV1031,面食
蛋炒饭,王刚的蛋炒饭,米饭|鸡蛋|葱|胡萝卜丁|盐|生抽|食用油,炒锅|菜刀|砧板|锅铲|碗,简单,8,https://www.bilibili.com/video/BV1132,主食
扬州炒饭,王刚的扬州炒饭,米饭|鸡蛋|虾仁|火腿丁|豌豆|葱|盐|生抽|食用油,炒锅|菜刀|砧板|锅铲|碗,中等,15,https://www.bilibili.com/video/BV1233,主食
水蒸蛋,王刚的水蒸蛋,鸡蛋|温水|盐|香油|生抽|葱花,蒸锅|碗|勺子,简单,15,https://www.bilibili.com/video/BV1334,蒸菜
蒸蛋羹,王刚的蒸蛋羹,鸡蛋|牛奶|盐|糖|香草精,蒸锅|碗|勺子,简单,20,https://www.bilibili.com/video/BV1435,蒸菜
粉蒸肉,王刚的粉蒸肉,猪肉|蒸肉粉|土豆|生抽|老抽|料酒|盐|糖,蒸锅|菜刀|砧板|碗,中等,45,https://www.bilibili.com/video/BV1536,蒸菜
蒜蓉蒸茄子,王刚的蒜蓉蒸茄子,茄子|蒜蓉|生抽|香油|葱|辣椒,蒸锅|菜刀|砧板|盘子,简单,20,https://www.bilibili.com/video/BV1637,蒸菜
凉拌黄瓜,王刚的凉拌黄瓜,黄瓜|蒜|醋|生抽|香油|盐|糖,菜刀|砧板|碗|勺子,简单,10,https://www.bilibili.com/video/BV1738,凉菜
拍黄瓜,王刚的拍黄瓜,黄瓜|蒜|醋|生抽|香油|辣椒油|盐|糖,菜刀|砧板|碗|勺子,简单,8,https://www.bilibili.com/video/BV1839,凉菜
凉拌木耳,王刚的凉拌木耳,木耳|胡萝卜丝|蒜|醋|生抽|香油|盐|糖,煮锅|菜刀|砧板|碗|勺子,简单,15,https://www.bilibili.com/video/BV1940,凉菜
凉拌海带丝,王刚的凉拌海带丝,海带丝|胡萝卜丝|蒜|醋|生抽|香油|盐|糖,煮锅|菜刀|砧板|碗|勺子,简单,12,https://www.bilibili.com/video/BV1041,凉菜
蒜泥白肉,王刚的蒜泥白肉,猪肉|蒜泥|生抽|醋|香油|辣椒油|盐|糖,煮锅|菜刀|砧板|碗|勺子,中等,30,https://www.bilibili.com/video/BV1142,凉菜
东坡肉,王刚的东坡肉,五花肉|生抽|老抽|料酒|冰糖|葱|姜,砂锅|菜刀|砧板,困难,120,https://www.bilibili.com/video/BV1243,特色菜
白切鸡,王刚的白切鸡,鸡肉|姜|葱|料酒|盐|蒸鱼豉油,煮锅|菜刀|砧板|盘子,中等,45,https://www.bilibili.com/video/BV1344,特色菜
叫花鸡,王刚的叫花鸡,鸡肉|荷叶|生抽|老抽|料酒|盐|糖|五香粉,烤箱|菜刀|砧板,困难,180,https://www.bilibili.com/video/BV1445,特色菜
盐水鸭,王刚的盐水鸭,鸭肉|盐|花椒|八角|桂皮|姜|葱,煮锅|菜刀|砧板,中等,150,https://www.bilibili.com/video/BV1546,特色菜
北京烤鸭,王刚的北京烤鸭,鸭肉|甜面酱|葱丝|黄瓜丝|饼皮,烤箱|菜刀|砧板|盘子,困难,240,https://www.bilibili.com/video/BV1647,特色菜
红烧狮子头,王刚的红烧狮子头,猪肉|鸡蛋|淀粉|葱|姜|生抽|老抽|料酒|糖|盐,炒锅|菜刀|砧板|锅铲|碗,中等,45,https://www.bilibili.com/video/BV1748,荤菜
白灼虾,王刚的白灼虾,虾|姜|葱|料酒|蒸鱼豉油|食用油,煮锅|菜刀|砧板|盘子,简单,10,https://www.bilibili.com/video/BV1849,海鲜
蒜蓉生蚝,王刚的蒜蓉生蚝,生蚝|蒜蓉|粉丝|蒸鱼豉油|食用油|葱,蒸锅|菜刀|砧板|盘子,中等,15,https://www.bilibili.com/video/BV1950,海鲜
清蒸蛋羹,小高姐的清蒸蛋羹,鸡蛋|温水|盐|香油|葱花,蒸锅|碗|勺子,简单,15,https://www.bilibili.com/video/BV1051,蒸菜
蒸蛋,小高姐的蒸蛋,鸡蛋|温水|盐|生抽|香油,蒸锅|碗|勺子,简单,12,https://www.bilibili.com/video/BV1152,蒸菜
溏心鸡蛋,小高姐的溏心鸡蛋,鸡蛋|生抽|老抽|糖|料酒,煮锅|勺子,简单,8,https://www.bilibili.com/video/BV1253,蒸菜
虾仁滑蛋,小高姐的虾仁滑蛋,虾仁|鸡蛋|葱|盐|料酒|淀粉|食用油,炒锅|菜刀|砧板|锅铲|碗,简单,10,https://www.bilibili.com/video/BV1354,家常菜
小葱煎蛋,小高姐的小葱煎蛋,鸡蛋|小葱|盐|食用油,平底锅|菜刀|砧板|锅铲,简单,5,https://www.bilibili.com/video/BV1455,家常菜
鸡蛋饼,小高姐的鸡蛋饼,鸡蛋|面粉|葱|盐|水|食用油,平底锅|菜刀|砧板|锅铲|碗,简单,10,https://www.bilibili.com/video/BV1556,主食
煎土豆,小高姐的煎土豆,土豆|盐|胡椒粉|食用油,平底锅|菜刀|砧板|锅铲,简单,15,https://www.bilibili.com/video/BV1657,素菜
土豆泥,小高姐的土豆泥,土豆|牛奶|黄油|盐|胡椒粉,煮锅|菜刀|砧板|勺子,简单,20,https://www.bilibili.com/video/BV1758,主食
香辣土豆,小高姐的香辣土豆,土豆|辣椒|花椒|蒜|生抽|醋|盐|糖|食用油,炒锅|菜刀|砧板|锅铲,简单,15,https://www.bilibili.com/video/BV1859,素菜
土豆炖牛肉,小高姐的土豆炖牛肉,土豆|牛肉|胡萝卜|洋葱|生抽|老抽|料酒|糖|盐|食用油,炒锅|菜刀|砧板|锅铲,中等,60,https://www.bilibili.com/video/BV1960,荤菜
葱香牛肉,小高姐的葱香牛肉,牛肉|洋葱|蒜|生抽|老抽|料酒|糖|盐|食用油,炒锅|菜刀|砧板|锅铲,中等,20,https://www.bilibili.com/video/BV1061,荤菜
青椒牛肉,小高姐的青椒牛肉,牛肉|青椒|蒜|姜|生抽|老抽|料酒|淀粉|盐|食用油,炒锅|菜刀|砧板|锅铲|碗,中等,15,https://www.bilibili.com/video/BV1162,荤菜
红烧牛肉,小高姐的红烧牛肉,牛肉|胡萝卜|土豆|生抽|老抽|冰糖|料酒|八角|桂皮|葱|姜,炒锅|菜刀|砧板|锅铲,中等,90,https://www.bilibili.com/video/BV1263,荤菜
酱牛肉,小高姐的酱牛肉,牛肉|生抽|老抽|料酒|八角|桂皮|花椒|葱|姜|糖|盐,煮锅|菜刀|砧板,中等,120,https://www.bilibili.com/video/BV1364,荤菜
萝卜烧牛肉,小高姐的萝卜烧牛肉,牛肉|白萝卜|生抽|老抽|料酒|冰糖|八角|桂皮|葱|姜,炒锅|菜刀|砧板|锅铲,中等,75,https://www.bilibili.com/video/BV1465,荤菜
青椒炒鸡丁,小高姐的青椒炒鸡丁,鸡胸肉|青椒|蒜|姜|生抽|老抽|料酒|淀粉|盐|食用油,炒锅|菜刀|砧板|锅铲|碗,简单,15,https://www.bilibili.com/video/BV1566,家常菜
西红柿炖牛肉,小高姐的西红柿炖牛肉,牛肉|西红柿|洋葱|胡萝卜|生抽|老抽|料酒|糖|盐|食用油,炒锅|菜刀|砧板|锅铲,中等,90,https://www.bilibili.com/video/BV1667,荤菜
番茄土豆汤,小高姐的番茄土豆汤,西红柿|土豆|鸡蛋|葱|盐|糖|香油|食用油,煮锅|菜刀|砧板|汤勺,简单,20,https://www.bilibili.com/video/BV1768,汤菜
西红柿鸡蛋汤,小高姐的西红柿鸡蛋汤,西红柿|鸡蛋|葱|盐|糖|香油|食用油,煮锅|菜刀|砧板|汤勺,简单,15,https://www.bilibili.com/video/BV1869,汤菜
盐煎肉,老饭骨的盐煎肉,猪肉|青椒|蒜|豆豉|生抽|老抽|盐|食用油,炒锅|菜刀|砧板|锅铲,简单,20,https://www.bilibili.com/video/BV1970,家常菜
红烧鸡翅,老饭骨的红烧鸡翅,鸡翅|生抽|老抽|料酒|姜|葱|糖|盐|食用油,炒锅|菜刀|砧板|锅铲,简单,30,https://www.bilibili.com/video/BV1071,荤菜
蒜蓉空心菜,老饭骨的蒜蓉空心菜,空心菜|蒜|盐|鸡精|食用油,炒锅|菜刀|砧板|锅铲,简单,5,https://www.bilibili.com/video/BV1172,素菜
韭菜炒蛋,老饭骨的韭菜炒蛋,韭菜|鸡蛋|盐|食用油,炒锅|菜刀|砧板|锅铲|碗,简单,8,https://www.bilibili.com/video/BV1273,家常菜
韭菜盒子,老饭骨的韭菜盒子,韭菜|鸡蛋|面粉|盐|食用油,平底锅|菜刀|砧板|锅铲|碗,中等,30,https://www.bilibili.com/video/BV1374,主食
蒜苔炒肉,老饭骨的蒜苔炒肉,蒜苔|猪肉|蒜|生抽|老抽|料酒|盐|食用油,炒锅|菜刀|砧板|锅铲,简单,15,https://www.bilibili.com/video/BV1475,家常菜
芹菜炒肉,老饭骨的芹菜炒肉,芹菜|猪肉|蒜|生抽|老抽|料酒|盐|食用油,炒锅|菜刀|砧板|锅铲,简单,12,https://www.bilibili.com/video/BV1576,家常菜
豆角焖面,老饭骨的豆角焖面,豆角|面条|猪肉|蒜|生抽|老抽|盐|食用油,炒锅|菜刀|砧板|锅铲,中等,25,https://www.bilibili.com/video/BV1677,面食
干煸豆角,老饭骨的干煸豆角,豆角|猪肉末|蒜|姜|豆豉|辣椒|生抽|老抽|盐|食用油,炒锅|菜刀|砧板|锅铲,中等,20,https://www.bilibili.com/video/BV1778,素菜
蒜蓉茄子,老饭骨的蒜蓉茄子,茄子|蒜|生抽|老抽|糖|盐|食用油,炒锅|菜刀|砧板|锅铲,简单,15,https://www.bilibili.com/video/BV1879,素菜
鱼香茄子,老饭骨的鱼香茄子,茄子|蒜|姜|豆瓣酱|醋|糖|生抽|老抽|淀粉|食用油,炒锅|菜刀|砧板|锅铲|碗,中等,20,https://www.bilibili.com/video/BV1980,素菜
糖醋排骨,老饭骨的糖醋排骨,排骨|糖|醋|生抽|老抽|料酒|姜|葱|盐|食用油,炒锅|菜刀|砧板|锅铲,中等,45,https://www.bilibili.com/video/BV1081,荤菜
红烧排骨,老饭骨的红烧排骨,排骨|生抽|老抽|冰糖|料酒|八角|桂皮|葱|姜|盐|食用油,炒锅|菜刀|砧板|锅铲,中等,50,https://www.bilibili.com/video/BV1182,荤菜
糖醋鱼,老饭骨的糖醋鱼,鱼|糖|醋|生抽|老抽|淀粉|葱|姜|盐|食用油,炒锅|菜刀|砧板|锅铲|碗,中等,25,https://www.bilibili.com/video/BV1283,海鲜
红烧鱼,老饭骨的红烧鱼,鱼|生抽|老抽|糖|料酒|葱|姜|盐|食用油,炒锅|菜刀|砧板|锅铲,中等,20,https://www.bilibili.com/video/BV1384,海鲜
水煮鱼,老饭骨的水煮鱼,鱼|豆芽|白菜|豆瓣酱|花椒|辣椒|蒜|姜|生抽|料酒|淀粉|食用油,炒锅|菜刀|砧板|锅铲|碗,中等,35,https://www.bilibili.com/video/BV1485,川菜
酸菜鱼,老饭骨的酸菜鱼,鱼|酸菜|豆腐|蒜|姜|胡椒粉|料酒|盐|食用油,煮锅|菜刀|砧板|汤勺,中等,30,https://www.bilibili.com/video/BV1586,川菜
白萝卜炖羊肉,老饭骨的白萝卜炖羊肉,羊肉|白萝卜|姜|八角|桂皮|盐|胡椒粉|葱,煮锅|菜刀|砧板|汤勺,中等,90,https://www.bilibili.com/video/BV1687,荤菜
孜然羊肉,老饭骨的孜然羊肉,羊肉|洋葱|孜然粉|辣椒粉|蒜|盐|生抽|食用油,炒锅|菜刀|砧板|锅铲,中等,15,https://www.bilibili.com/video/BV1788,荤菜
蒜蓉蒸扇贝,日食记的蒜蓉蒸扇贝,扇贝|蒜|粉丝|蒸鱼豉油|食用油|葱,蒸锅|菜刀|砧板|盘子,中等,15,https://www.bilibili.com/video/BV1Ks4y1d7kB,海鲜
清蒸鸡蛋羹,日食记的清蒸鸡蛋羹,鸡蛋|温水|盐|香油|葱花,蒸锅|碗|勺子,简单,15,https://www.bilibili.com/video/BV1sK4y1d7kB,蒸菜
蒜蓉粉丝娃娃菜,日食记的蒜蓉粉丝娃娃菜,娃娃菜|粉丝|蒜|蒸鱼豉油|食用油,蒸锅|菜刀|砧板|盘子,简单,12,https://www.bilibili.com/video/BV1234567890,素菜
白萝卜丝汤,日食记的白萝卜丝汤,白萝卜|香菜|盐|胡椒粉|香油,煮锅|菜刀|砧板|汤勺,简单,10,https://www.bilibili.com/video/BV1234567891,汤菜
蒜蓉菠菜,日食记的蒜蓉菠菜,菠菜|蒜|盐|鸡精|食用油,炒锅|菜刀|砧板|锅铲,简单,8,https://www.bilibili.com/video/BV1234567892,素菜
凉拌萝卜丝,日食记的凉拌萝卜丝,白萝卜|胡萝卜|蒜|醋|生抽|香油|盐|糖,菜刀|砧板|碗|勺子,简单,15,https://www.bilibili.com/video/BV1234567893,凉菜
蒜蓉蒸丝瓜,日食记的蒜蓉蒸丝瓜,丝瓜|蒜|蒸鱼豉油|食用油|葱,蒸锅|菜刀|砧板|盘子,简单,12,https://www.bilibili.com/video/BV1234567894,素菜
清炒豆苗,日食记的清炒豆苗,豆苗|蒜|盐|鸡精|食用油,炒锅|菜刀|砧板|锅铲,简单,5,https://www.bilibili.com/video/BV1234567895,素菜
蒜蓉蒸蛋,日食记的蒜蓉蒸蛋,鸡蛋|蒜|温水|盐|生抽|香油,蒸锅|菜刀|砧板|碗,简单,15,https://www.bilibili.com/video/BV1234567896,蒸菜
白灼菜心,日食记的白灼菜心,菜心|蒜|蒸鱼豉油|食用油,煮锅|菜刀|砧板|盘子,简单,8,https://www.bilibili.com/video/BV1234567897,素菜
蒜蓉蒸排骨,日食记的蒜蓉蒸排骨,排骨|蒜|生抽|老抽|料酒|糖|盐|淀粉,蒸锅|菜刀|砧板|盘子,中等,30,https://www.bilibili.com/video/BV1234567898,荤菜
清蒸鲈鱼片,日食记的清蒸鲈鱼片,鲈鱼|蒸鱼豉油|葱丝|姜丝|料酒|盐|食用油,蒸锅|菜刀|砧板|盘子,中等,18,https://www.bilibili.com/video/BV1234567899,海鲜
蒜蓉蒸冬瓜,日食记的蒜蓉蒸冬瓜,冬瓜|蒜|蒸鱼豉油|食用油|葱,蒸锅|菜刀|砧板|盘子,简单,15,https://www.bilibili.com/video/BV1234567900,素菜
白灼芥兰,日食记的白灼芥兰,芥兰|蒜|蒸鱼豉油|食用油,煮锅|菜刀|砧板|盘子,简单,8,https://www.bilibili.com/video/BV1234567901,素菜
蒜蓉蒸茄盒,日食记的蒜蓉蒸茄盒,茄子|猪肉馅|蒜|生抽|料酒|盐|淀粉|食用油,蒸锅|菜刀|砧板|盘子,中等,25,https://www.bilibili.com/video/BV1234567902,荤菜
清炒时蔬,日食记的清炒时蔬,时令蔬菜|蒜|盐|鸡精|食用油,炒锅|菜刀|砧板|锅铲,简单,8,https://www.bilibili.com/video/BV1234567903,素菜
蒜蓉蒸蛏子,日食记的蒜蓉蒸蛏子,蛏子|蒜|粉丝|蒸鱼豉油|食用油|葱,蒸锅|菜刀|砧板|盘子,中等,12,https://www.bilibili.com/video/BV1234567904,海鲜
白切白萝卜,日食记的白切白萝卜,白萝卜|蒸鱼豉油|香油|葱花,菜刀|砧板|盘子,简单,5,https://www.bilibili.com/video/BV1234567905,素菜
锅包肉,东北菜锅包肉,猪里脊|土豆淀粉|鸡蛋|糖|醋|生抽|胡萝卜|葱|姜|蒜,炒锅|菜刀|砧板|锅铲|碗,中等,25,https://www.bilibili.com/video/BV1HD4y1A7ke,东北菜
地锅鸡,徐州地锅鸡,鸡肉|面粉|青椒|土豆|豆角|蒜|姜|豆瓣酱|生抽|老抽|料酒,砂锅|菜刀|砧板|锅铲,中等,45,https://www.bilibili.com/video/BV1aJ411z7z9,特色菜
白斩鸡,广式白斩鸡,鸡肉|姜|葱|料酒|盐|蒸鱼豉油|香油,煮锅|菜刀|砧板|盘子,中等,40,https://www.bilibili.com/video/BV1Cs411G7bw,粤菜
蒜蓉白肉,川菜蒜蓉白肉,猪肉|蒜|生抽|醋|香油|辣椒油|糖|盐,煮锅|菜刀|砧板|盘子,中等,35,https://www.bilibili.com/video/BV1Ks411w7Rq,川菜
夫妻肺片,川菜夫妻肺片,牛肉|牛舌|牛心|花生米|芹菜|辣椒油|花椒粉|蒜|生抽|醋,煮锅|菜刀|砧板|盘子,困难,60,https://www.bilibili.com/video/BV1E8R2Y3Ejz,川菜
口水鸡丝,川菜口水鸡丝,鸡胸肉|黄瓜|胡萝卜|花生米|蒜|辣椒油|花椒粉|生抽|醋|糖,煮锅|菜刀|砧板|盘子,中等,30,https://www.bilibili.com/video/BV14s421T7Me,川菜
棒棒鸡,川菜棒棒鸡,鸡腿|黄瓜|胡萝卜|芝麻酱|蒜|辣椒油|花椒粉|生抽|醋|糖,煮锅|菜刀|砧板|盘子,中等,35,https://www.bilibili.com/video/BV1aJ411z7z9,川菜
水晶肘子,山东水晶肘子,猪肘|姜|葱|料酒|盐|八角|桂皮|花椒,煮锅|菜刀|砧板,困难,180,https://www.bilibili.com/video/BV1Cs411G7bw,鲁菜
糖醋鲤鱼,山东糖醋鲤鱼,鲤鱼|糖|醋|生抽|老抽|淀粉|葱|姜|蒜,炒锅|菜刀|砧板|锅铲,中等,30,https://www.bilibili.com/video/BV1Ks411w7Rq,鲁菜
九转大肠,山东九转大肠,猪大肠|糖|醋|生抽|老抽|料酒|葱|姜|蒜|八角,炒锅|菜刀|砧板|锅铲,困难,90,https://www.bilibili.com/video/BV1E8R2Y3Ejz,鲁菜
油爆双脆,山东油爆双脆,猪肚|猪腰|韭黄|蒜|姜|料酒|生抽|醋|盐,炒锅|菜刀|砧板|锅铲,困难,20,https://www.bilibili.com/video/BV14s421T7Me,鲁菜
糖醋里脊,经典糖醋里脊,猪里脊|鸡蛋|淀粉|面粉|糖|醋|番茄酱|盐,炒锅|菜刀|砧板|锅铲|碗,中等,25,https://www.bilibili.com/video/BV1aJ411z7z9,家常菜
咕咾肉,广式咕咾肉,猪肉|菠萝|青椒|红椒|糖|醋|番茄酱|淀粉,炒锅|菜刀|砧板|锅铲|碗,中等,25,https://www.bilibili.com/video/BV1Cs411G7bw,粤菜
白切猪手,广式白切猪手,猪手|姜|葱|料酒|盐|蒸鱼豉油|香油,煮锅|菜刀|砧板|盘子,中等,60,https://www.bilibili.com/video/BV1Ks411w7Rq,粤菜
蜜汁叉烧,广式蜜汁叉烧,猪肉|蜂蜜|生抽|老抽|料酒|糖|五香粉,烤箱|菜刀|砧板,中等,45,https://www.bilibili.com/video/BV1E8R2Y3Ejz,粤菜
白灼虾,广式白灼虾,虾|姜|葱|料酒|蒸鱼豉油|食用油,煮锅|菜刀|砧板|盘子,简单,8,https://www.bilibili.com/video/BV14s421T7Me,粤菜
蒸蛋,广式蒸蛋,鸡蛋|温水|盐|香油|葱花,蒸锅|碗|勺子,简单,12,https://www.bilibili.com/video/BV1aJ411z7z9,粤菜
白切鸡,正宗白切鸡,鸡肉|姜|葱|料酒|盐|蒸鱼豉油|香油,煮锅|菜刀|砧板|盘子,中等,40,https://www.bilibili.com/video/BV1Cs411G7bw,粤菜
蒸排骨,广式蒸排骨,排骨|豆豉|蒜|生抽|老抽|料酒|糖|盐|淀粉,蒸锅|菜刀|砧板|盘子,中等,25,https://www.bilibili.com/video/BV1Ks411w7Rq,粤菜
干炸带鱼,家常干炸带鱼,带鱼|面粉|鸡蛋|盐|胡椒粉|料酒|食用油,炒锅|菜刀|砧板,中等,20,https://www.bilibili.com/video/BV1E8R2Y3Ejz,海鲜
红烧黄鱼,家常红烧黄鱼,黄鱼|生抽|老抽|糖|料酒|葱|姜|蒜,炒锅|菜刀|砧板|锅铲,中等,25,https://www.bilibili.com/video/BV14s421T7Me,海鲜
清蒸黄鱼,清蒸黄鱼,黄鱼|蒸鱼豉油|葱丝|姜丝|料酒|盐|食用油,蒸锅|菜刀|砧板|盘子,中等,18,https://www.bilibili.com/video/BV1aJ411z7z9,海鲜
糖醋黄鱼,糖醋黄鱼,黄鱼|糖|醋|生抽|老抽|淀粉|葱|姜,炒锅|菜刀|砧板|锅铲,中等,25,https://www.bilibili.com/video/BV1Cs411G7bw,海鲜
红烧草鱼,红烧草鱼,草鱼|生抽|老抽|糖|料酒|葱|姜|蒜,炒锅|菜刀|砧板|锅铲,中等,30,https://www.bilibili.com/video/BV1Ks411w7Rq,海鲜
清蒸草鱼,清蒸草鱼,草鱼|蒸鱼豉油|葱丝|姜丝|料酒|盐|食用油,蒸锅|菜刀|砧板|盘子,中等,20,https://www.bilibili.com/video/BV1E8R2Y3Ejz,海鲜
水煮草鱼,水煮草鱼,草鱼|豆芽|白菜|豆瓣酱|花椒|辣椒|蒜|姜,炒锅|菜刀|砧板|锅铲,中等,35,https://www.bilibili.com/video/BV14s421T7Me,川菜
酸菜草鱼,酸菜草鱼,草鱼|酸菜|豆腐|蒜|姜|胡椒粉|料酒|盐,煮锅|菜刀|砧板|汤勺,中等,30,https://www.bilibili.com/video/BV1aJ411z7z9,川菜
红烧鲫鱼,红烧鲫鱼,鲫鱼|生抽|老抽|糖|料酒|葱|姜|蒜,炒锅|菜刀|砧板|锅铲,中等,25,https://www.bilibili.com/video/BV1Cs411G7bw,海鲜
清蒸鲫鱼,清蒸鲫鱼,鲫鱼|蒸鱼豉油|葱丝|姜丝|料酒|盐|食用油,蒸锅|菜刀|砧板|盘子,中等,18,https://www.bilibili.com/video/BV1Ks411w7Rq,海鲜
鲫鱼豆腐汤,鲫鱼豆腐汤,鲫鱼|豆腐|姜|葱|盐|胡椒粉|香油,煮锅|菜刀|砧板|汤勺,简单,25,https://www.bilibili.com/video/BV1E8R2Y3Ejz,汤菜
红烧鲤鱼,红烧鲤鱼,鲤鱼|生抽|老抽|糖|料酒|葱|姜|蒜,炒锅|菜刀|砧板|锅铲,中等,30,https://www.bilibili.com/video/BV14s421T7Me,海鲜
清蒸鲤鱼,清蒸鲤鱼,鲤鱼|蒸鱼豉油|葱丝|姜丝|料酒|盐|食用油,蒸锅|菜刀|砧板|盘子,中等,20,https://www.bilibili.com/video/BV1aJ411z7z9,海鲜
糖醋鲤鱼段,糖醋鲤鱼段,鲤鱼|糖|醋|生抽|老抽|淀粉|葱|姜,炒锅|菜刀|砧板|锅铲,中等,25,https://www.bilibili.com/video/BV1Cs411G7bw,海鲜
红烧平鱼,红烧平鱼,平鱼|生抽|老抽|糖|料酒|葱|姜|蒜,炒锅|菜刀|砧板|锅铲,中等,25,https://www.bilibili.com/video/BV1Ks411w7Rq,海鲜
清蒸平鱼,清蒸平鱼,平鱼|蒸鱼豉油|葱丝|姜丝|料酒|盐|食用油,蒸锅|菜刀|砧板|盘子,中等,18,https://www.bilibili.com/video/BV1E8R2Y3Ejz,海鲜
干煎平鱼,干煎平鱼,平鱼|盐|胡椒粉|料酒|面粉|食用油,平底锅|菜刀|砧板,中等,15,https://www.bilibili.com/video/BV14s421T7Me,海鲜
红烧武昌鱼,红烧武昌鱼,武昌鱼|生抽|老抽|糖|料酒|葱|姜|蒜,炒锅|菜刀|砧板|锅铲,中等,25,https://www.bilibili.com/video/BV1aJ411z7z9,海鲜
清蒸武昌鱼,清蒸武昌鱼,武昌鱼|蒸鱼豉油|葱丝|姜丝|料酒|盐|食用油,蒸锅|菜刀|砧板|盘子,中等,18,https://www.bilibili.com/video/BV1Cs411G7bw,海鲜
红烧猪蹄,红烧猪蹄,猪蹄|生抽|老抽|冰糖|料酒|八角|桂皮|葱|姜,炒锅|菜刀|砧板|锅铲,中等,90,https://www.bilibili.com/video/BV1Ks411w7Rq,荤菜
卤猪蹄,卤猪蹄,猪蹄|生抽|老抽|冰糖|料酒|八角|桂皮|花椒|葱|姜,煮锅|菜刀|砧板,中等,120,https://www.bilibili.com/video/BV1E8R2Y3Ejz,荤菜
黄豆炖猪蹄,黄豆炖猪蹄,猪蹄|黄豆|生抽|老抽|料酒|葱|姜|盐,煮锅|菜刀|砧板,中等,90,https://www.bilibili.com/video/BV14s421T7Me,荤菜
花生炖猪蹄,花生炖猪蹄,猪蹄|花生米|生抽|老抽|料酒|葱|姜|盐,煮锅|菜刀|砧板,中等,90,https://www.bilibili.com/video/BV1aJ411z7z9,荤菜
红烧猪肘,红烧猪肘,猪肘|生抽|老抽|冰糖|料酒|八角|桂皮|葱|姜,炒锅|菜刀|砧板|锅铲,中等,120,https://www.bilibili.com/video/BV1Cs411G7bw,荤菜
卤猪肘,卤猪肘,猪肘|生抽|老抽|冰糖|料酒|八角|桂皮|花椒|葱|姜,煮锅|菜刀|砧板,中等,150,https://www.bilibili.com/video/BV1Ks411w7Rq,荤菜
白切猪肘,白切猪肘,猪肘|姜|葱|料酒|盐|蒸鱼豉油|香油,煮锅|菜刀|砧板|盘子,中等,90,https://www.bilibili.com/video/BV1E8R2Y3Ejz,荤菜
红烧牛腩,红烧牛腩,牛腩|胡萝卜|土豆|生抽|老抽|冰糖|料酒|八角|桂皮|葱|姜,炒锅|菜刀|砧板|锅铲,中等,90,https://www.bilibili.com/video/BV14s421T7Me,荤菜
卤牛腩,卤牛腩,牛腩|生抽|老抽|冰糖|料酒|八角|桂皮|花椒|葱|姜,煮锅|菜刀|砧板,中等,120,https://www.bilibili.com/video/BV1aJ411z7z9,荤菜
土豆炖牛腩,土豆炖牛腩,牛腩|土豆|胡萝卜|洋葱|生抽|老抽|料酒|糖|盐,炒锅|菜刀|砧板|锅铲,中等,75,https://www.bilibili.com/video/BV1Cs411G7bw,荤菜
萝卜炖牛腩,萝卜炖牛腩,牛腩|白萝卜|生抽|老抽|料酒|八角|桂皮|葱|姜,煮锅|菜刀|砧板,中等,90,https://www.bilibili.com/video/BV1Ks411w7Rq,荤菜
红烧羊肉,红烧羊肉,羊肉|胡萝卜|土豆|生抽|老抽|冰糖|料酒|八角|桂皮|葱|姜,炒锅|菜刀|砧板|锅铲,中等,90,https://www.bilibili.com/video/BV1E8R2Y3Ejz,荤菜
卤羊肉,卤羊肉,羊肉|生抽|老抽|冰糖|料酒|八角|桂皮|花椒|葱|姜,煮锅|菜刀|砧板,中等,120,https://www.bilibili.com/video/BV14s421T7Me,荤菜
萝卜炖羊肉,萝卜炖羊肉,羊肉|白萝卜|生抽|老抽|料酒|八角|桂皮|葱|姜,煮锅|菜刀|砧板,中等,90,https://www.bilibili.com/video/BV1aJ411z7z9,荤菜
胡萝卜炖羊肉,胡萝卜炖羊肉,羊肉|胡萝卜|土豆|生抽|老抽|料酒|八角|桂皮|葱|姜,炒锅|菜刀|砧板|锅铲,中等,75,https://www.bilibili.com/video/BV1Cs411G7bw,荤菜
红烧鸭肉,红烧鸭肉,鸭肉|生抽|老抽|冰糖|料酒|八角|桂皮|葱|姜,炒锅|菜刀|砧板|锅铲,中等,60,https://www.bilibili.com/video/BV1Ks411w7Rq,荤菜
卤鸭肉,卤鸭肉,鸭肉|生抽|老抽|冰糖|料酒|八角|桂皮|花椒|葱|姜,煮锅|菜刀|砧板,中等,90,https://www.bilibili.com/video/BV1E8R2Y3Ejz,荤菜
土豆炖鸭肉,土豆炖鸭肉,鸭肉|土豆|胡萝卜|生抽|老抽|料酒|糖|盐,炒锅|菜刀|砧板|锅铲,中等,60,https://www.bilibili.com/video/BV14s421T7Me,荤菜
冬瓜炖鸭肉,冬瓜炖鸭肉,鸭肉|冬瓜|姜|葱|盐|胡椒粉|料酒,煮锅|菜刀|砧板|汤勺,中等,45,https://www.bilibili.com/video/BV1aJ411z7z9,荤菜
清炒白菜,清炒白菜,白菜|蒜|盐|鸡精|食用油,炒锅|菜刀|砧板|锅铲,简单,8,https://www.bilibili.com/video/BV1Cs411G7bw,素菜
醋溜白菜,醋溜白菜,白菜|蒜|干辣椒|醋|生抽|盐|糖|食用油,炒锅|菜刀|砧板|锅铲,简单,10,https://www.bilibili.com/video/BV1Ks411w7Rq,素菜
白菜炖豆腐,白菜炖豆腐,白菜|豆腐|蒜|盐|胡椒粉|香油|食用油,炒锅|菜刀|砧板|锅铲,简单,15,https://www.bilibili.com/video/BV1E8R2Y3Ejz,素菜
白菜炖粉条,白菜炖粉条,白菜|粉条|蒜|生抽|盐|食用油,炒锅|菜刀|砧板|锅铲,简单,20,https://www.bilibili.com/video/BV14s421T7Me,素菜
清炒菠菜,清炒菠菜,菠菜|蒜|盐|鸡精|食用油,炒锅|菜刀|砧板|锅铲,简单,5,https://www.bilibili.com/video/BV1aJ411z7z9,素菜
菠菜炒粉丝,菠菜炒粉丝,菠菜|粉丝|蒜|生抽|盐|香油|食用油,炒锅|菜刀|砧板|锅铲,简单,12,https://www.bilibili.com/video/BV1Cs411G7bw,素菜
菠菜炒豆腐,菠菜炒豆腐,菠菜|豆腐|蒜|盐|鸡精|食用油,炒锅|菜刀|砧板|锅铲,简单,10,https://www.bilibili.com/video/BV1Ks411w7Rq,素菜
清炒韭菜,清炒韭菜,韭菜|盐|食用油,炒锅|菜刀|砧板|锅铲,简单,5,https://www.bilibili.com/video/BV1E8R2Y3Ejz,素菜
韭菜炒豆芽,韭菜炒豆芽,韭菜|豆芽|蒜|盐|生抽|食用油,炒锅|菜刀|砧板|锅铲,简单,8,https://www.bilibili.com/video/BV14s421T7Me,素菜
韭菜炒豆腐,韭菜炒豆腐,韭菜|豆腐|蒜|盐|生抽|食用油,炒锅|菜刀|砧板|锅铲,简单,10,https://www.bilibili.com/video/BV1aJ411z7z9,素菜
韭菜炒粉条,韭菜炒粉条,韭菜|粉条|蒜|生抽|盐|香油|食用油,炒锅|菜刀|砧板|锅铲,简单,12,https://www.bilibili.com/video/BV1Cs411G7bw,素菜
清炒芹菜,清炒芹菜,芹菜|蒜|盐|鸡精|食用油,炒锅|菜刀|砧板|锅铲,简单,8,https://www.bilibili.com/video/BV1Ks411w7Rq,素菜
芹菜炒豆腐,芹菜炒豆腐,芹菜|豆腐|蒜|盐|生抽|食用油,炒锅|菜刀|砧板|锅铲,简单,10,https://www.bilibili.com/video/BV1E8R2Y3Ejz,素菜
芹菜炒花生米,芹菜炒花生米,芹菜|花生米|蒜|盐|生抽|食用油,炒锅|菜刀|砧板|锅铲,简单,10,https://www.bilibili.com/video/BV14s421T7Me,素菜
清炒豆苗,清炒豆苗,豆苗|蒜|盐|鸡精|食用油,炒锅|菜刀|砧板|锅铲,简单,5,https://www.bilibili.com/video/BV1aJ411z7z9,素菜
豆苗炒豆腐,豆苗炒豆腐,豆苗|豆腐|蒜|盐|生抽|食用油,炒锅|菜刀|砧板|锅铲,简单,8,https://www.bilibili.com/video/BV1Cs411G7bw,素菜
清炒生菜,清炒生菜,生菜|蒜|盐|鸡精|食用油,炒锅|菜刀|砧板|锅铲,简单,5,https://www.bilibili.com/video/BV1Ks411w7Rq,素菜
生菜炒豆腐,生菜炒豆腐,生菜|豆腐|蒜|盐|生抽|食用油,炒锅|菜刀|砧板|锅铲,简单,8,https://www.bilibili.com/video/BV1E8R2Y3Ejz,素菜
清炒油菜,清炒油菜,油菜|蒜|盐|鸡精|食用油,炒锅|菜刀|砧板|锅铲,简单,5,https://www.bilibili.com/video/BV14s421T7Me,素菜
油菜炒豆腐,油菜炒豆腐,油菜|豆腐|蒜|盐|生抽|食用油,炒锅|菜刀|砧板|锅铲,简单,8,https://www.bilibili.com/video/BV1aJ411z7z9,素菜
清炒小白菜,清炒小白菜,小白菜|蒜|盐|鸡精|食用油,炒锅|菜刀|砧板|锅铲,简单,5,https://www.bilibili.com/video/BV1Cs411G7bw,素菜
小白菜炖豆腐,小白菜炖豆腐,小白菜|豆腐|蒜|盐|胡椒粉|香油|食用油,炒锅|菜刀|砧板|锅铲,简单,12,https://www.bilibili.com/video/BV1Ks411w7Rq,素菜
清炒菜心,清炒菜心,菜心|蒜|盐|鸡精|食用油,炒锅|菜刀|砧板|锅铲,简单,5,https://www.bilibili.com/video/BV1E8R2Y3Ejz,素菜
菜心炒豆腐,菜心炒豆腐,菜心|豆腐|蒜|盐|生抽|食用油,炒锅|菜刀|砧板|锅铲,简单,8,https://www.bilibili.com/video/BV14s421T7Me,素菜
清炒芥兰,清炒芥兰,芥兰|蒜|盐|鸡精|食用油,炒锅|菜刀|砧板|锅铲,简单,8,https://www.bilibili.com/video/BV1aJ411z7z9,素菜
芥兰炒牛肉,芥兰炒牛肉,芥兰|牛肉|蒜|姜|生抽|老抽|料酒|淀粉|盐|食用油,炒锅|菜刀|砧板|锅铲|碗,中等,15,https://www.bilibili.com/video/BV1Cs411G7bw,荤菜
清炒娃娃菜,清炒娃娃菜,娃娃菜|蒜|盐|鸡精|食用油,炒锅|菜刀|砧板|锅铲,简单,8,https://www.bilibili.com/video/BV1Ks411w7Rq,素菜
娃娃菜炖豆腐,娃娃菜炖豆腐,娃娃菜|豆腐|蒜|盐|胡椒粉|香油|食用油,炒锅|菜刀|砧板|锅铲,简单,15,https://www.bilibili.com/video/BV1E8R2Y3Ejz,素菜
银耳莲子汤,银耳莲子汤,银耳|莲子|冰糖|红枣|枸杞,煮锅|勺子,简单,60,https://www.bilibili.com/video/BV14s421T7Me,汤菜
绿豆汤,绿豆汤,绿豆|冰糖|薄荷叶,煮锅|勺子,简单,45,https://www.bilibili.com/video/BV1aJ411z7z9,汤菜
红豆汤,红豆汤,红豆|冰糖|陈皮,煮锅|勺子,简单,60,https://www.bilibili.com/video/BV1Cs411G7bw,汤菜
黑豆汤,黑豆汤,黑豆|冰糖|红枣,煮锅|勺子,简单,90,https://www.bilibili.com/video/BV1Ks411w7Rq,汤菜
薏米汤,薏米汤,薏米|冰糖|红枣|枸杞,煮锅|勺子,简单,60,https://www.bilibili.com/video/BV1E8R2Y3Ejz,汤菜
小米粥,小米粥,小米|红枣|枸杞|冰糖,煮锅|勺子,简单,30,https://www.bilibili.com/video/BV14s421T7Me,汤菜
大米粥,大米粥,大米|红枣|枸杞,煮锅|勺子,简单,25,https://www.bilibili.com/video/BV1aJ411z7z9,汤菜
八宝粥,八宝粥,大米|小米|红豆|绿豆|花生|红枣|桂圆|冰糖,煮锅|勺子,简单,60,https://www.bilibili.com/video/BV1Cs411G7bw,汤菜
瘦肉粥,瘦肉粥,大米|猪瘦肉|姜|盐|胡椒粉|香油,煮锅|菜刀|砧板|勺子,简单,45,https://www.bilibili.com/video/BV1Ks411w7Rq,汤菜
青菜粥,青菜粥,大米|青菜|盐|香油,煮锅|菜刀|砧板|勺子,简单,30,https://www.bilibili.com/video/BV1E8R2Y3Ejz,汤菜
鸡蛋粥,鸡蛋粥,大米|鸡蛋|盐|香油|葱花,煮锅|菜刀|砧板|勺子,简单,25,https://www.bilibili.com/video/BV14s421T7Me,汤菜
南瓜粥,南瓜粥,大米|南瓜|冰糖,煮锅|菜刀|砧板|勺子,简单,35,https://www.bilibili.com/video/BV1aJ411z7z9,汤菜
红薯粥,红薯粥,大米|红薯|冰糖,煮锅|菜刀|砧板|勺子,简单,35,https://www.bilibili.com/video/BV1Cs411G7bw,汤菜
山药粥,山药粥,大米|山药|枸杞|冰糖,煮锅|菜刀|砧板|勺子,简单,40,https://www.bilibili.com/video/BV1Ks411w7Rq,汤菜
莲藕粥,莲藕粥,大米|莲藕|冰糖|红枣,煮锅|菜刀|砧板|勺子,简单,45,https://www.bilibili.com/video/BV1E8R2Y3Ejz,汤菜
银耳粥,银耳粥,大米|银耳|冰糖|红枣|枸杞,煮锅|勺子,简单,50,https://www.bilibili.com/video/BV14s421T7Me,汤菜
百合粥,百合粥,大米|百合|冰糖|枸杞,煮锅|勺子,简单,40,https://www.bilibili.com/video/BV1aJ411z7z9,汤菜
燕麦粥,燕麦粥,燕麦|牛奶|蜂蜜|香蕉,煮锅|勺子,简单,15,https://www.bilibili.com/video/BV1Cs411G7bw,汤菜
玉米粥,玉米粥,玉米粒|大米|冰糖,煮锅|勺子,简单,30,https://www.bilibili.com/video/BV1Ks411w7Rq,汤菜
紫米粥,紫米粥,紫米|冰糖|红枣|枸杞,煮锅|勺子,简单,60,https://www.bilibili.com/video/BV1E8R2Y3Ejz,汤菜
黑米粥,黑米粥,黑米|冰糖|红枣|核桃,煮锅|勺子,简单,60,https://www.bilibili.com/video/BV14s421T7Me,汤菜
花生粥,花生粥,大米|花生米|冰糖|红枣,煮锅|勺子,简单,45,https://www.bilibili.com/video/BV1aJ411z7z9,汤菜
核桃粥,核桃粥,大米|核桃|冰糖|红枣,煮锅|勺子,简单,40,https://www.bilibili.com/video/BV1Cs411G7bw,汤菜
芝麻粥,芝麻粥,大米|黑芝麻|冰糖|核桃,煮锅|勺子,简单,35,https://www.bilibili.com/video/BV1Ks411w7Rq,汤菜
红枣粥,红枣粥,大米|红枣|冰糖|枸杞,煮锅|勺子,简单,30,https://www.bilibili.com/video/BV1E8R2Y3Ejz,汤菜
桂圆粥,桂圆粥,大米|桂圆|冰糖|红枣,煮锅|勺子,简单,35,https://www.bilibili.com/video/BV14s421T7Me,汤菜
枸杞粥,枸杞粥,大米|枸杞|冰糖|红枣,煮锅|勺子,简单,30,https://www.bilibili.com/video/BV1aJ411z7z9,汤菜
陈皮粥,陈皮粥,大米|陈皮|冰糖|红枣,煮锅|勺子,简单,35,https://www.bilibili.com/video/BV1Cs411G7bw,汤菜
薏仁粥,薏仁粥,大米|薏仁|冰糖|红枣|枸杞,煮锅|勺子,简单,50,https://www.bilibili.com/video/BV1Ks411w7Rq,汤菜
手擀面,手擀面,面粉|鸡蛋|盐|水,擀面杖|菜刀|砧板|碗,中等,45,https://www.bilibili.com/video/BV1E8R2Y3Ejz,面食
刀削面,刀削面,面粉|盐|水,菜刀|砧板|碗,困难,60,https://www.bilibili.com/video/BV14s421T7Me,面食
拉面,拉面,面粉|盐|水|碱水,菜刀|砧板|碗,困难,90,https://www.bilibili.com/video/BV1aJ411z7z9,面食
挂面汤,挂面汤,挂面|青菜|鸡蛋|盐|香油|葱花,煮锅|菜刀|砧板|汤勺,简单,10,https://www.bilibili.com/video/BV1Cs411G7bw,面食
鸡蛋面,鸡蛋面,面条|鸡蛋|青菜|盐|生抽|香油,煮锅|炒锅|菜刀|砧板|锅铲,简单,12,https://www.bilibili.com/video/BV1Ks411w7Rq,面食
青菜面,青菜面,面条|青菜|蒜|盐|生抽|香油,煮锅|炒锅|菜刀|砧板|锅铲,简单,10,https://www.bilibili.com/video/BV1E8R2Y3Ejz,面食
肉丝面,肉丝面,面条|猪肉丝|青菜|蒜|姜|生抽|料酒|盐,煮锅|炒锅|菜刀|砧板|锅铲,简单,15,https://www.bilibili.com/video/BV14s421T7Me,面食
排骨面,排骨面,面条|排骨|青菜|姜|葱|盐|胡椒粉,煮锅|菜刀|砧板|汤勺,中等,60,https://www.bilibili.com/video/BV1aJ411z7z9,面食
鸡汤面,鸡汤面,面条|鸡肉|青菜|姜|葱|盐|胡椒粉,煮锅|菜刀|砧板|汤勺,中等,45,https://www.bilibili.com/video/BV1Cs411G7bw,面食
牛肉汤面,牛肉汤面,面条|牛肉|白萝卜|姜|葱|盐|胡椒粉,煮锅|菜刀|砧板|汤勺,中等,90,https://www.bilibili.com/video/BV1Ks411w7Rq,面食
羊肉汤面,羊肉汤面,面条|羊肉|白萝卜|姜|葱|盐|胡椒粉,煮锅|菜刀|砧板|汤勺,中等,90,https://www.bilibili.com/video/BV1E8R2Y3Ejz,面食
海鲜面,海鲜面,面条|虾|蛤蜊|青菜|姜|葱|盐|料酒,煮锅|菜刀|砧板|汤勺,中等,20,https://www.bilibili.com/video/BV14s421T7Me,面食
酸汤面,酸汤面,面条|西红柿|鸡蛋|醋|盐|糖|香油,煮锅|炒锅|菜刀|砧板|锅铲,简单,15,https://www.bilibili.com/video/BV1aJ411z7z9,面食
麻辣面,麻辣面,面条|豆瓣酱|花椒|辣椒|蒜|姜|生抽|醋,煮锅|炒锅|菜刀|砧板|锅铲,中等,15,https://www.bilibili.com/video/BV1Cs411G7bw,面食
清汤面,清汤面,面条|青菜|盐|香油|葱花,煮锅|菜刀|砧板|汤勺,简单,8,https://www.bilibili.com/video/BV1Ks411w7Rq,面食
打卤面,打卤面,面条|猪肉|木耳|黄花菜|鸡蛋|淀粉|生抽|盐,煮锅|炒锅|菜刀|砧板|锅铲,中等,25,https://www.bilibili.com/video/BV1E8R2Y3Ejz,面食
凉面,凉面,面条|黄瓜丝|胡萝卜丝|蒜|醋|生抽|香油|芝麻酱,煮锅|菜刀|砧板|碗,简单,20,https://www.bilibili.com/video/BV14s421T7Me,面食
热干面,热干面,面条|芝麻酱|蒜|醋|生抽|辣椒油|榨菜,煮锅|菜刀|砧板|碗,简单,15,https://www.bilibili.com/video/BV1aJ411z7z9,面食
河粉,河粉,河粉|韭黄|豆芽|生抽|老抽|盐|食用油,炒锅|菜刀|砧板|锅铲,简单,10,https://www.bilibili.com/video/BV1Cs411G7bw,面食
炒河粉,炒河粉,河粉|韭黄|豆芽|猪肉丝|生抽|老抽|盐|食用油,炒锅|菜刀|砧板|锅铲,简单,12,https://www.bilibili.com/video/BV1Ks411w7Rq,面食
牛肉河粉,牛肉河粉,河粉|牛肉|韭黄|豆芽|生抽|老抽|料酒|盐|食用油,炒锅|菜刀|砧板|锅铲,中等,15,https://www.bilibili.com/video/BV1E8R2Y3Ejz,面食
虾仁河粉,虾仁河粉,河粉|虾仁|韭黄|豆芽|生抽|料酒|盐|食用油,炒锅|菜刀|砧板|锅铲,中等,12,https://www.bilibili.com/video/BV14s421T7Me,面食
海鲜河粉,海鲜河粉,河粉|虾|蛤蜊|韭黄|豆芽|生抽|料酒|盐|食用油,炒锅|菜刀|砧板|锅铲,中等,15,https://www.bilibili.com/video/BV1aJ411z7z9,面食
米线,米线,米线|青菜|鸡蛋|盐|香油|葱花,煮锅|菜刀|砧板|汤勺,简单,10,https://www.bilibili.com/video/BV1Cs411G7bw,面食
过桥米线,过桥米线,米线|鸡汤|猪肉片|鸡蛋|青菜|豆腐皮|盐|胡椒粉,煮锅|菜刀|砧板|汤勺,中等,30,https://www.bilibili.com/video/BV1Ks411w7Rq,面食
酸辣米线,酸辣米线,米线|豆芽|花生米|醋|辣椒油|生抽|盐|糖,煮锅|菜刀|砧板|碗,简单,15,https://www.bilibili.com/video/BV1E8R2Y3Ejz,面食
肉丝米线,肉丝米线,米线|猪肉丝|青菜|蒜|姜|生抽|料酒|盐,煮锅|炒锅|菜刀|砧板|锅铲,简单,15,https://www.bilibili.com/video/BV14s421T7Me,面食
鸡汤米线,鸡汤米线,米线|鸡肉|青菜|姜|葱|盐|胡椒粉,煮锅|菜刀|砧板|汤勺,中等,45,https://www.bilibili.com/video/BV1aJ411z7z9,面食
粉丝汤,粉丝汤,粉丝|青菜|鸡蛋|盐|香油|葱花,煮锅|菜刀|砧板|汤勺,简单,10,https://www.bilibili.com/video/BV1Cs411G7bw,汤菜
肉丝粉丝汤,肉丝粉丝汤,粉丝|猪肉丝|青菜|蒜|姜|生抽|料酒|盐,煮锅|炒锅|菜刀|砧板|锅铲,简单,15,https://www.bilibili.com/video/BV1Ks411w7Rq,汤菜
海带粉丝汤,海带粉丝汤,粉丝|海带|豆腐|盐|胡椒粉|香油,煮锅|菜刀|砧板|汤勺,简单,15,https://www.bilibili.com/video/BV1E8R2Y3Ejz,汤菜
白萝卜粉丝汤,白萝卜粉丝汤,粉丝|白萝卜|香菜|盐|胡椒粉|香油,煮锅|菜刀|砧板|汤勺,简单,20,https://www.bilibili.com/video/BV14s421T7Me,汤菜
冬瓜粉丝汤,冬瓜粉丝汤,粉丝|冬瓜|虾米|盐|胡椒粉|香油,煮锅|菜刀|砧板|汤勺,简单,15,https://www.bilibili.com/video/BV1aJ411z7z9,汤菜
丝瓜粉丝汤,丝瓜粉丝汤,粉丝|丝瓜|鸡蛋|盐|香油|葱花,煮锅|菜刀|砧板|汤勺,简单,12,https://www.bilibili.com/video/BV1Cs411G7bw,汤菜
豆腐粉丝汤,豆腐粉丝汤,粉丝|豆腐|青菜|盐|胡椒粉|香油,煮锅|菜刀|砧板|汤勺,简单,10,https://www.bilibili.com/video/BV1Ks411w7Rq,汤菜
蛋花粉丝汤,蛋花粉丝汤,粉丝|鸡蛋|青菜|盐|香油|葱花,煮锅|菜刀|砧板|汤勺,简单,10,https://www.bilibili.com/video/BV1E8R2Y3Ejz,汤菜
虾仁粉丝汤,虾仁粉丝汤,粉丝|虾仁|青菜|姜|料酒|盐|香油,煮锅|菜刀|砧板|汤勺,简单,12,https://www.bilibili.com/video/BV14s421T7Me,汤菜
蛤蜊粉丝汤,蛤蜊粉丝汤,粉丝|蛤蜊|青菜|姜|料酒|盐|香油,煮锅|菜刀|砧板|汤勺,简单,15,https://www.bilibili.com/video/BV1aJ411z7z9,汤菜
扇贝粉丝汤,扇贝粉丝汤,粉丝|扇贝|青菜|姜|料酒|盐|香油,煮锅|菜刀|砧板|汤勺,中等,18,https://www.bilibili.com/video/BV1Cs411G7bw,汤菜
鱼丸粉丝汤,鱼丸粉丝汤,粉丝|鱼丸|青菜|姜|盐|胡椒粉|香油,煮锅|菜刀|砧板|汤勺,简单,12,https://www.bilibili.com/video/BV1Ks411w7Rq,汤菜
肉丸粉丝汤,肉丸粉丝汤,粉丝|肉丸|青菜|姜|盐|胡椒粉|香油,煮锅|菜刀|砧板|汤勺,简单,15,https://www.bilibili.com/video/BV1E8R2Y3Ejz,汤菜
鸡丸粉丝汤,鸡丸粉丝汤,粉丝|鸡丸|青菜|姜|盐|胡椒粉|香油,煮锅|菜刀|砧板|汤勺,简单,12,https://www.bilibili.com/video/BV14s421T7Me,汤菜
虾丸粉丝汤,虾丸粉丝汤,粉丝|虾丸|青菜|姜|盐|胡椒粉|香油,煮锅|菜刀|砧板|汤勺,简单,12,https://www.bilibili.com/video/BV1aJ411z7z9,汤菜
牛丸粉丝汤,牛丸粉丝汤,粉丝|牛丸|青菜|姜|盐|胡椒粉|香油,煮锅|菜刀|砧板|汤勺,简单,15,https://www.bilibili.com/video/BV1Cs411G7bw,汤菜
猪丸粉丝汤,猪丸粉丝汤,粉丝|猪丸|青菜|姜|盐|胡椒粉|香油,煮锅|菜刀|砧板|汤勺,简单,12,https://www.bilibili.com/video/BV1Ks411w7Rq,汤菜
混合丸子汤,混合丸子汤,粉丝|鱼丸|肉丸|虾丸|青菜|姜|盐|胡椒粉|香油,煮锅|菜刀|砧板|汤勺,简单,18,https://www.bilibili.com/video/BV1E8R2Y3Ejz,汤菜
三鲜汤,三鲜汤,虾仁|蛤蜊|扇贝|青菜|姜|料酒|盐|香油,煮锅|菜刀|砧板|汤勺,中等,20,https://www.bilibili.com/video/BV14s421T7Me,汤菜
海鲜汤,海鲜汤,虾|蟹|鱼|青菜|姜|料酒|盐|香油,煮锅|菜刀|砧板|汤勺,中等,25,https://www.bilibili.com/video/BV1aJ411z7z9,汤菜
鱼头汤,鱼头汤,鱼头|豆腐|白萝卜|姜|葱|盐|胡椒粉|料酒,煮锅|菜刀|砧板|汤勺,中等,45,https://www.bilibili.com/video/BV1Cs411G7bw,汤菜
鱼骨汤,鱼骨汤,鱼骨|白萝卜|姜|葱|盐|胡椒粉|料酒,煮锅|菜刀|砧板|汤勺,中等,60,https://www.bilibili.com/video/BV1Ks411w7Rq,汤菜
鸡骨汤,鸡骨汤,鸡骨架|白萝卜|姜|葱|盐|胡椒粉,煮锅|菜刀|砧板|汤勺,中等,90,https://www.bilibili.com/video/BV1E8R2Y3Ejz,汤菜
猪骨汤,猪骨汤,猪骨|白萝卜|玉米|胡萝卜|姜|葱|盐|胡椒粉,煮锅|菜刀|砧板|汤勺,中等,120,https://www.bilibili.com/video/BV14s421T7Me,汤菜
牛骨汤,牛骨汤,牛骨|白萝卜|姜|葱|盐|胡椒粉,煮锅|菜刀|砧板|汤勺,中等,180,https://www.bilibili.com/video/BV1aJ411z7z9,汤菜
羊骨汤,羊骨汤,羊骨|白萝卜|姜|葱|盐|胡椒粉,煮锅|菜刀|砧板|汤勺,中等,150,https://www.bilibili.com/video/BV1Cs411G7bw,汤菜

